id;name;jhi_type;registertime;subjectid;subjectname;paymentamount;contractcode;contractname;wbsid;wbsname
1;ew plus;SHARE;2024-10-28;7811;格外 依然;17821.64;outfielder ick gosh;geez who;phooey;播 whether
2;尽 underneath;SPORADICPURCHASE;2024-10-28;1870;after;3092.24;却 aggradation;inasmuch;consequently;brr vacuum that
3;可 伟大 果然;TRANSACTION;2024-10-28;29806;withdrawal uh-huh;18341.33;geez though wherever;掷 once;百般;飞 parameter
4;ouch incidentally mutation;SHARE;2024-10-29;2467;proof-reader maple;9917.78;air;揽 through 一同;全部 hence zowie;despite
5;十分 anti 格外;TRANSACTION;2024-10-29;21622;meanwhile vehicle;14507.01;yahoo than through;打;midst for browsing;whereas excluding 马虎
6;schooner 仅仅 小;SHARE;2024-10-28;8582;off roller why;29295.72;how;gee bloodflow gee;boo pfft;极 psst 披
7;genre;TRANSACTION;2024-10-29;8716;readiness;9405.53;掐;as;wife scow;provided 举
8;vice;TRANSACTION;2024-10-28;14677;播 打;21219.69;which upon;更 ack;even without;抬 捧
9;versus 渐渐 phooey;TRANSACTION;2024-10-28;4675;provided pfft muscle;29157.04;血淋淋;whose 掘 aboard;fiction;抄 failing 互相
10;starter;SHARE;2024-10-28;19854;alien 大 but;24981.05;全部 掐 稍微;捺 meh aside;outside 抄;phew ha 披
