id;workbagname;outsourcingcontractid;outsourcingcontractname;planpaymentnode;planpaymentname;planpaymentamount;contractpaymentid;status
1;mmm;incidentally;勇敢;behind;ah;10585.06;13967;gadzooks at
2;攥 ack 跳;ick;outside 勇敢;up 共 housewife;飞;15839.86;12988;剪
3;while;绿 托 拨;大 画;短 弹;ew;946.88;27149;furnace 黑不溜秋 atop
4;鲁莽 略微 finally;倒 捣;sword;甜 几乎;that;21218.39;622;however
5;血淋淋;scraper;总共 among;勇敢 uh-huh;from;25136.18;2683;across
6;爬 concerning 做;差点儿 rain 好在;咬 next 小;reader whoever nick;弹;20490.45;3050;flugelhorn before hm
7;当然 仍然 off;whereas remnant;可 绿油油 along;吮 despite indeed;elbow skywalk yahoo;12776.82;952;geez
8;because huzzah;apropos;over when meanwhile;pier ah among;依然 wherever;19177.2;14335;or yowza 扔
9;偏偏;um;on 好些 gah;掐 yum;alongside;15943.07;17523;at 干脆
10;geez dandelion;gosh;anti once;soybean;差点儿 cricketer ha;30318.32;5615;ugh hmph 互相
