id;planname;planstarttime;planendtime
6d970e7a-a949-4b74-804e-a2eea1d2cb31;gee 血淋淋 tilt;2024-06-24;2024-06-24
c05c7fba-6da1-4db7-8814-b70f7c411084;minus;2024-06-24;2024-06-24
d500a22b-177b-4f06-bc6b-46f12c1a732e;大方 around yum;2024-06-25;2024-06-25
1e134d45-1e48-426d-8864-aaa275cb18c1;nor but;2024-06-24;2024-06-24
59cbed91-0f31-49ee-9d0b-8581124bb0b3;多亏;2024-06-24;2024-06-24
ed7218fc-92e7-436f-a85d-98bf7cfc3ae0;aha now 仅仅;2024-06-25;2024-06-24
13d16fa0-5d33-4967-b161-4834261c2945;整齐 干脆;2024-06-24;2024-06-24
bda11152-5ff8-4722-8996-8d566db15c20;yum 红;2024-06-24;2024-06-24
2faf5bbb-e783-4eaf-a3d2-b1e831144c89;indeed 坏 like;2024-06-24;2024-06-24
5a0b2805-37d6-4b74-ad4c-36ac19f3e901;how till;2024-06-24;2024-06-24
